,text,intersection,coordinates.coordinates,created_at,place.bounding_box.coordinates,place.country,place.country_code,place.full_name,user.created_at,user.location
0,"Road construction, left lane closed in #Albuquerque on Tijeras Ave EB west of 3rd St #traffic https://t.co/roJyGryxFq",Tijeras Ave E,"[-106.65, 35.08653]",Mon Jan 14 14:56:55 +0000 2019,"[[[-106.7916912, 35.0158912], [-106.473745, 35.0158912], [-106.473745, 35.218114], [-106.7916912, 35.218114]]]",United States,US,"Albuquerque, NM",Tue Feb 08 23:44:59 +0000 2011,Albuquerque
1,Road construction. right lanes closed in #Pima on I-10 EB at Ruthrauff Rd #traffic https://t.co/bc4TAizExm,I-10 EB at Ruthrauff Rd,"[-111.0295, 32.29418]",Mon Jan 14 14:31:30 +0000 2019,"[[[-111.083219, 32.057802], [-110.747928, 32.057802], [-110.747928, 32.320979], [-111.083219, 32.320979]]]",United States,US,"Tucson, AZ",Thu Feb 10 00:00:33 +0000 2011,"Tucson, AZ"
2,"Road construction, shoulder closed in #ElPaso on I 10 Both EB/WB from Executive Ctr Blvd to Sunland Park Dr #traffic https://t.co/nZ2qPHc0XJ",I 10 Both EB/WB from Executive Ctr Blvd to Sunland Park Dr,"[-106.52, 31.79295]",Mon Jan 14 14:28:12 +0000 2019,"[[[-106.634874, 31.6206683], [-106.199987, 31.6206683], [-106.199987, 31.966068], [-106.634874, 31.966068]]]",United States,US,"El Paso, TX",Thu Feb 10 20:42:54 +0000 2011,"El Paso, TX"
3,Ughhh at the dentist for a cleaning and the sidewalks are closed. HOW DO YOU CLOSE A SIDEWALK. Like...am I supposed to walk in the road lol,,,Mon Jan 14 14:08:05 +0000 2019,"[[[-86.044756, 41.426657], [-85.9629436, 41.426657], [-85.9629436, 41.464375], [-86.044756, 41.464375]]]",United States,US,"Nappanee, IN",Thu Jul 30 19:27:12 +0000 2009,"New Paris, IN"
4,Road constructions. two right lanes closed in #Pima on I-10 EB at Ruthrauff Rd #traffic https://t.co/bc4TAizExm,I-10 EB at Ruthrauff Rd,"[-111.0295, 32.29418]",Mon Jan 14 13:49:35 +0000 2019,"[[[-111.083219, 32.057802], [-110.747928, 32.057802], [-110.747928, 32.320979], [-111.083219, 32.320979]]]",United States,US,"Tucson, AZ",Thu Feb 10 00:00:33 +0000 2011,"Tucson, AZ"
5,All eastbound lanes are closed due to snow and ice on the road. in #Valyermo on Angeles Crest Hwy EB between CA-39 and Big Pines Hwy,Angeles Crest Hwy EB between CA-39 and Big Pines Hwy,"[-117.8511, 34.35686]",Mon Jan 14 13:13:00 +0000 2019,"[[[-124.482003, 32.528832], [-114.131212, 32.528832], [-114.131212, 42.009519], [-124.482003, 42.009519]]]",United States,US,"California, USA",Wed Aug 12 21:43:18 +0000 2009,Southern California
6,State Rd 44 is closed at Sugar Creek Rd near the Johnson County/Shelby County Line. Shelby County Sheriff’s Officer… https://t.co/lXZj9ippFt,State Rd 44 is closed at Sugar Creek Rd,,Mon Jan 14 13:06:22 +0000 2019,"[[[-86.348441, 39.631677], [-85.937404, 39.631677], [-85.937404, 39.927448], [-86.348441, 39.927448]]]",United States,US,"Indianapolis, IN",Sat Jun 26 01:22:46 +0000 2010,"Indianapolis, IN"
7,"Due to road conditions, schools and offices, including Central Office, will be closed for 12-month employees today, Monday, January 14.",,,Mon Jan 14 12:51:37 +0000 2019,"[[[-75.689007, 38.275414], [-75.6022644, 38.275414], [-75.6022644, 38.342711], [-75.689007, 38.342711]]]",United States,US,"Fruitland, MD",Tue Jul 26 18:57:36 +0000 2016,"Maryland, USA"
8,For those going to @BenLippenSchool down Monticello Road from Blythewood at 7:25 am both sides of the road are clos… https://t.co/KZ2YHFjDlQ,Monticello Road from Blythewood,,Mon Jan 14 12:29:51 +0000 2019,"[[[-83.353955, 32.04683], [-78.499301, 32.04683], [-78.499301, 35.215449], [-83.353955, 35.215449]]]",United States,US,"South Carolina, USA",Tue Jun 20 22:49:11 +0000 2017,"Columbia, SC"
9,Road construction. two left lanes closed in #FortWorth on 35W SB between Morningside Dr and E Felix St #DFWTraffic https://t.co/4NzBppXRvr,5W SB between Morningside Dr and E Felix St,"[-97.32055, 32.713]",Mon Jan 14 11:44:34 +0000 2019,"[[[-97.538285, 32.569477], [-97.033542, 32.569477], [-97.033542, 32.990456], [-97.538285, 32.990456]]]",United States,US,"Fort Worth, TX",Thu May 21 21:15:33 +0000 2009,Dallas/Fort Worth
10,The drainage project on Center Street in #VineyardHaven continues this week - the road is closed to parking and… https://t.co/X04Uiougpu,Center Street ,,Mon Jan 14 11:23:01 +0000 2019,"[[[-70.62084, 41.4245617], [-70.586828, 41.4245617], [-70.586828, 41.470139], [-70.62084, 41.470139]]]",United States,US,"Vineyard Haven, MA",Mon Apr 20 01:24:54 +0000 2009,"Martha's Vineyard, MA"
11,"Closed due to road construction in #FortWorth on 35W SB at Pharr, stop and go traffic back to Northside Dr… https://t.co/AyfxrFRbqU",35W SB at Pharr,"[-97.31861, 32.7677]",Mon Jan 14 10:33:20 +0000 2019,"[[[-97.538285, 32.569477], [-97.033542, 32.569477], [-97.033542, 32.990456], [-97.538285, 32.990456]]]",United States,US,"Fort Worth, TX",Thu May 21 21:15:33 +0000 2009,Dallas/Fort Worth
12,Closed due to road construction in #FortWorth on 35W SB at Pharr #DFWTraffic https://t.co/4NzBppXRvr,35W SB at Pharr,"[-97.31861, 32.7677]",Mon Jan 14 10:32:16 +0000 2019,"[[[-97.538285, 32.569477], [-97.033542, 32.569477], [-97.033542, 32.990456], [-97.538285, 32.990456]]]",United States,US,"Fort Worth, TX",Thu May 21 21:15:33 +0000 2009,Dallas/Fort Worth
13,Road construction. two left lanes closed in #FortWorth on 35W SB between Berry St and Seminary Dr #DFWTraffic https://t.co/4NzBppXRvr,35W SB between Berry St and Seminary Dr,"[-97.32055, 32.70593]",Mon Jan 14 06:24:13 +0000 2019,"[[[-97.538285, 32.569477], [-97.033542, 32.569477], [-97.033542, 32.990456], [-97.538285, 32.990456]]]",United States,US,"Fort Worth, TX",Thu May 21 21:15:33 +0000 2009,Dallas/Fort Worth
14,Road construction. three left lanes closed in #FortWorth on 35W SB between Berry St and Seminary Dr #DFWTraffic https://t.co/4NzBppXRvr,35W SB between Berry St and Seminary Dr,"[-97.32055, 32.70593]",Mon Jan 14 04:57:26 +0000 2019,"[[[-97.538285, 32.569477], [-97.033542, 32.569477], [-97.033542, 32.990456], [-97.538285, 32.990456]]]",United States,US,"Fort Worth, TX",Thu May 21 21:15:33 +0000 2009,Dallas/Fort Worth
15,Closed due to road construction in #Evergreen on 6th Ave. Frwy Both EB/WB between US 40 and CO-119 #COtraffic https://t.co/gWR42BHdvb,6th Ave. Frwy Both EB/WB between US 40 and CO-119,"[-105.4311, 39.74258]",Mon Jan 14 04:43:56 +0000 2019,"[[[-109.060257, 36.992427], [-102.041524, 36.992427], [-102.041524, 41.003445], [-109.060257, 41.003445]]]",United States,US,"Colorado, USA",Wed Feb 09 00:14:13 +0000 2011,"Denver, CO"
16,Road closed due to broken water main in #Phoenix on 7th Ave Both NB/SB at Deer Vly Rd #PHXtraffic https://t.co/hUIi7YWVvM,7th Ave Both NB/SB at Deer Vly Rd,"[-112.0829, 33.68369]",Mon Jan 14 04:08:58 +0000 2019,"[[[-112.3239143, 33.29026], [-111.9254391, 33.29026], [-111.9254391, 33.8154652], [-112.3239143, 33.8154652]]]",United States,US,"Phoenix, AZ",Wed Feb 09 22:48:40 +0000 2011,"Phoenix, AZ"
17,Road construction. three left lanes closed in #FortWorth on 35W SB between Morningside Dr and Seminary Dr… https://t.co/mSqz9axgJX,35W SB between Morningside Dr and Seminary Dr,"[-97.32055, 32.713]",Mon Jan 14 04:07:56 +0000 2019,"[[[-97.538285, 32.569477], [-97.033542, 32.569477], [-97.033542, 32.990456], [-97.538285, 32.990456]]]",United States,US,"Fort Worth, TX",Thu May 21 21:15:33 +0000 2009,Dallas/Fort Worth
18,"Road construction. three left lanes closed in #FortWorth on 35W SB between Allen Ave and Seminary Dr, stop and go... https://t.co/4NzBppXRvr",35W SB between Allen Ave and Seminary Dr,"[-97.3204, 32.72612]",Mon Jan 14 04:01:12 +0000 2019,"[[[-97.538285, 32.569477], [-97.033542, 32.569477], [-97.033542, 32.990456], [-97.538285, 32.990456]]]",United States,US,"Fort Worth, TX",Thu May 21 21:15:33 +0000 2009,Dallas/Fort Worth
19,"Road construction. two left lanes closed in #FortWorth on 35W SB between Allen Ave and Seminary Dr, stop and go traffic back to Rosedale St","35W SB between Allen Ave and Seminary Dr,","[-97.3204, 32.72612]",Mon Jan 14 04:00:09 +0000 2019,"[[[-97.538285, 32.569477], [-97.033542, 32.569477], [-97.033542, 32.990456], [-97.538285, 32.990456]]]",United States,US,"Fort Worth, TX",Thu May 21 21:15:33 +0000 2009,Dallas/Fort Worth
20,"Closed due to road construction on 288 S Fwy NB at The S Lp, stopped traffic back to Reed Rd. #traffic https://t.co/vuUN2yElDh",288 S Fwy NB at The S Lp,"[-95.38122, 29.68057]",Mon Jan 14 03:45:11 +0000 2019,"[[[-95.823268, 29.522325], [-95.069705, 29.522325], [-95.069705, 30.1546646], [-95.823268, 30.1546646]]]",United States,US,"Houston, TX",Wed Feb 09 21:09:17 +0000 2011,"Houston, TX"
21,"Road construction. two left lanes closed in #FortWorth on 35W SB at Allen Ave, stop and go traffic back to Rosedale St, delay of 1 min",35W SB at Allen Ave,"[-97.3204, 32.72612]",Mon Jan 14 03:23:02 +0000 2019,"[[[-97.538285, 32.569477], [-97.033542, 32.569477], [-97.033542, 32.990456], [-97.538285, 32.990456]]]",United States,US,"Fort Worth, TX",Thu May 21 21:15:33 +0000 2009,Dallas/Fort Worth
22,Closed due to road construction in #Southside on S Sam Houston Tollway EB between Hwy 288 and Cullen #traffic https://t.co/vuUN2yElDh,S Sam Houston Tollway EB,"[-95.37297, 29.59789]",Mon Jan 14 00:23:18 +0000 2019,"[[[-95.823268, 29.522325], [-95.069705, 29.522325], [-95.069705, 30.1546646], [-95.823268, 30.1546646]]]",United States,US,"Houston, TX",Wed Feb 09 21:09:17 +0000 2011,"Houston, TX"
23,All eastbound lanes are closed due to snow and ice on the road. in #Valyermo on Angeles Crest Hwy EB between CA-39 and Big Pines Hwy,Angeles Crest Hwy EB between CA-39 and Big Pines Hwy,"[-117.8511, 34.35686]",Sun Jan 13 23:27:31 +0000 2019,"[[[-124.482003, 32.528832], [-114.131212, 32.528832], [-114.131212, 42.009519], [-124.482003, 42.009519]]]",United States,US,"California, USA",Wed Aug 12 21:43:18 +0000 2009,Southern California
24,"For Monday, January 14, all RCPS schools wii be closed due to inclement weather and some hazardous road, parking lo… https://t.co/EXNvu2c2ST",,,Sun Jan 13 21:30:54 +0000 2019,"[[[-80.595589, 37.0900216], [-80.513486, 37.0900216], [-80.513486, 37.146017], [-80.595589, 37.146017]]]",United States,US,"Radford, VA",Sat Mar 15 23:41:20 +0000 2014,"Radford, VA"
25,"From ACPS... Due to anticipated road conditions tomorrow, Monday 1/14, schools will be closed.  Stay safe, Mustangs… https://t.co/mEHzhndync",,,Sun Jan 13 21:08:40 +0000 2019,"[[[-83.67529, 36.540739], [-75.16644, 36.540739], [-75.16644, 39.466012], [-83.67529, 39.466012]]]",United States,US,"Virginia, USA",Wed Oct 29 14:34:42 +0000 2014,"Charlottesville, VA"
26,"Tolton Catholic will remain closed tomorrow, January 14, due to concerns about road conditions.  Please watch commu… https://t.co/ju7ZMZnsIp",,,Sun Jan 13 19:24:49 +0000 2019,"[[[-95.774704, 35.995476], [-89.098843, 35.995476], [-89.098843, 40.613641], [-95.774704, 40.613641]]]",United States,US,"Missouri, USA",Fri Apr 08 03:15:39 +0000 2011,"Columbia, MO"
27,Closed due to road construction on I-275 Both NB/SB at Kilby Rd #traffic https://t.co/oaARUiexk1,I-275 Both NB/SB at Kilby Rd,"[-84.77818, 39.18605]",Sun Jan 13 19:22:43 +0000 2019,"[[[-84.8203089, 38.403186], [-80.518626, 38.403186], [-80.518626, 42.327133], [-84.8203089, 42.327133]]]",United States,US,"Ohio, USA",Wed Feb 09 00:05:57 +0000 2011,"Cincinnati, OH"
28,Closed due to road construction in #Southside on S Sam Houston Tollway EB between Hwy 288 and Cullen #traffic https://t.co/vuUN2yElDh,S Sam Houston Tollway EB between Hwy 288 and Cullen,"[-95.37297, 29.59789]",Sun Jan 13 16:06:35 +0000 2019,"[[[-95.823268, 29.522325], [-95.069705, 29.522325], [-95.069705, 30.1546646], [-95.823268, 30.1546646]]]",United States,US,"Houston, TX",Wed Feb 09 21:09:17 +0000 2011,"Houston, TX"
29,Road closed due to broken water main in #Phoenix on 7th Ave Both NB/SB at Deer Vly Rd #PHXtraffic https://t.co/hUIi7YWVvM,7th Ave Both NB/SB at Deer Vly Rd,"[-112.0829, 33.68369]",Sun Jan 13 15:48:59 +0000 2019,"[[[-112.3239143, 33.29026], [-111.9254391, 33.29026], [-111.9254391, 33.8154652], [-112.3239143, 33.8154652]]]",United States,US,"Phoenix, AZ",Wed Feb 09 22:48:40 +0000 2011,"Phoenix, AZ"
30,Oakley Brick Church of the Brethren is closed today due to weather and road conditions.,,,Sun Jan 13 14:06:43 +0000 2019,"[[[-89.028906, 39.785267], [-88.8444613, 39.785267], [-88.8444613, 39.9239031], [-89.028906, 39.9239031]]]",United States,US,"Decatur, IL",Mon Jan 09 00:16:49 +0000 2012,"Decatur, Illinois"
31,"Redeemer Church, 3431 Hamilton Middletown Road, is closed today. No services.",,,Sun Jan 13 14:04:55 +0000 2019,"[[[-84.6308679, 39.3015447], [-84.4692599, 39.3015447], [-84.4692599, 39.3923186], [-84.6308679, 39.3923186]]]",United States,US,"Fairfield, OH",Sat Oct 15 14:49:13 +0000 2016,"Fairfield, OH"
32,"❄Considering a delayed opening at noon today.  If we  receive additional snow this morning, we will stay closed. (A… https://t.co/XJP1odj2RL",,,Sun Jan 13 13:50:45 +0000 2019,"[[[-83.67529, 36.540739], [-75.16644, 36.540739], [-75.16644, 39.466012], [-83.67529, 39.466012]]]",United States,US,"Virginia, USA",Mon Jun 15 20:36:24 +0000 2015,"Edinburg, VA"
33,We’re closed today due to the snow and road conditions...hope you’re stocked up with plenty of wine! 📸 Kate Greer P… https://t.co/kn0DEnlVAM,,,Sun Jan 13 13:23:56 +0000 2019,"[[[-78.728108, 38.051152], [-78.651865, 38.051152], [-78.651865, 38.082472], [-78.728108, 38.082472]]]",United States,US,"Crozet, VA",Wed Jun 24 23:34:20 +0000 2009,"Crozet, Virginia"
34,Special Event on US 98 both dir. @ MP28 at Bankhead Tunnel in Mobile. Road closed. Seek alternate route. More detai… https://t.co/q5vNvevcwM,,"[-88.030776, 30.692962]",Sun Jan 13 12:45:41 +0000 2019,"[[[-88.301598, 30.523874], [-88.021513, 30.523874], [-88.021513, 30.843424], [-88.301598, 30.843424]]]",United States,US,"Mobile, AL",Thu Apr 25 12:37:19 +0000 2013,Alabama
35,"SBCO: SB I-215 at Barton Road, Grand Terrace, multi vehicle collision blocking lanes #1-4 and Barton off ramp is cl… https://t.co/MOeOfQ2wVL",,,Sun Jan 13 12:12:58 +0000 2019,"[[[-117.523867, 33.85216], [-117.271365, 33.85216], [-117.271365, 34.019484], [-117.523867, 34.019484]]]",United States,US,"Riverside, CA",Thu Nov 13 22:17:00 +0000 2008,Southern California
36,Closed due to road construction in #MiamiDade on 95 Express SB between Golden Glades Entrance and Downtown Miami Exit #SFLtraffic,,"[-80.21005, 25.91087]",Sun Jan 13 10:33:24 +0000 2019,"[[[-80.229746, 25.8922648], [-80.163078, 25.8922648], [-80.163078, 25.9299606], [-80.229746, 25.9299606]]]",United States,US,"Golden Glades, FL",Wed Feb 09 21:43:21 +0000 2011,"Miami, FL"
37,All eastbound lanes are closed due to snow and ice on the road. in #Valyermo on Angeles Crest Hwy EB between CA-39 and Big Pines Hwy,,"[-117.8511, 34.35686]",Sun Jan 13 10:18:32 +0000 2019,"[[[-124.482003, 32.528832], [-114.131212, 32.528832], [-114.131212, 42.009519], [-124.482003, 42.009519]]]",United States,US,"California, USA",Wed Aug 12 21:43:18 +0000 2009,Southern California
38,Major Crash on I-20 EB @ MP190.3 at Exit 188: US431 N/Leon Smith Pkwy in Anniston. Road closed. Seek alternate rout… https://t.co/PEPGm60UiB,,"[-85.75, 33.613]",Sun Jan 13 06:36:31 +0000 2019,"[[[-85.9258251, 33.552521], [-85.715332, 33.552521], [-85.715332, 33.639362], [-85.9258251, 33.639362]]]",United States,US,"Oxford, AL",Thu Apr 25 12:37:19 +0000 2013,Alabama
39,Closed due to road construction in #Southside on S Sam Houston Tollway EB between Hwy 288 and Cullen #traffic https://t.co/vuUN2yElDh,,"[-95.37297, 29.59789]",Sun Jan 13 03:39:54 +0000 2019,"[[[-95.823268, 29.522325], [-95.069705, 29.522325], [-95.069705, 30.1546646], [-95.823268, 30.1546646]]]",United States,US,"Houston, TX",Wed Feb 09 21:09:17 +0000 2011,"Houston, TX"
40,Southbound 101 freeway still closed at lost hills. Agoura Road is jam southbound. Heading to the Civic arts Plaza f… https://t.co/tWzhAVh47x,,,Sun Jan 13 03:27:57 +0000 2019,"[[[-118.719985, 34.105958], [-118.605227, 34.105958], [-118.605227, 34.168562], [-118.719985, 34.168562]]]",United States,US,"Calabasas, CA",Sun Nov 09 04:02:49 +0000 2014,"Westlake Village, CA"
41,Road closed due to broken water main in #Phoenix on 7th Ave Both NB/SB at Deer Vly Rd #PHXtraffic https://t.co/hUIi7YWVvM,th Ave Both NB/SB at Deer Vly Rd ,"[-112.0829, 33.68369]",Sun Jan 13 03:11:01 +0000 2019,"[[[-112.3239143, 33.29026], [-111.9254391, 33.29026], [-111.9254391, 33.8154652], [-112.3239143, 33.8154652]]]",United States,US,"Phoenix, AZ",Wed Feb 09 22:48:40 +0000 2011,"Phoenix, AZ"
42,Manchester road off Wayne avenue is closed off by police. Giving traffic delivery updated as I see them,,,Sun Jan 13 01:32:58 +0000 2019,"[[[-77.064086, 38.979735], [-76.97162, 38.979735], [-76.97162, 39.036964], [-77.064086, 39.036964]]]",United States,US,"Silver Spring, MD",Fri Jun 04 22:16:11 +0000 2010,"D.C. Born, Silver spring now"
43,West Hempfield Township Police confirm fatal accident on Marietta Avenue in Lancaster County. The road is currently… https://t.co/ftHm6cR2DU,,,Sun Jan 13 01:14:39 +0000 2019,"[[[-80.519851, 39.719801], [-74.689517, 39.719801], [-74.689517, 42.516072], [-80.519851, 42.516072]]]",United States,US,"Pennsylvania, USA",Fri Jun 03 14:33:33 +0000 2011,FL ✈️ NYC ✈️  PA
44,"I suspected the trails would be closed, but it’s OK. The road offers enough nature fix...much needed today. 💔 (@ To… https://t.co/aLYGiFbdCL",,"[-117.25225918, 32.91935537]",Sat Jan 12 23:39:08 +0000 2019,"[[[-117.282538, 32.53962], [-116.9274403, 32.53962], [-116.9274403, 33.0804044], [-117.282538, 33.0804044]]]",United States,US,"San Diego, CA",Mon Oct 05 05:31:34 +0000 2009,Wandering So-Cal-ian
45,Major Crash on US11 SB @ MP83.8 at Hargrove Rd E in Tuscaloosa. Road closed. Seek alternate route. More details: https://t.co/363ni1q7XY,,"[-87.486176, 33.170586]",Sat Jan 12 22:32:32 +0000 2019,"[[[-87.626729, 33.098411], [-87.440084, 33.098411], [-87.440084, 33.29479], [-87.626729, 33.29479]]]",United States,US,"Tuscaloosa, AL",Thu Apr 25 12:37:19 +0000 2013,Alabama
46,"Northbound US 101 at Las Virgenes Road is OPEN, but slow because the southbound lanes will remain closed for an inv… https://t.co/QOokrzqoUD",,,Sat Jan 12 22:32:05 +0000 2019,"[[[-118.932832, 34.257033], [-118.820164, 34.257033], [-118.820164, 34.309133], [-118.932832, 34.309133]]]",United States,US,"Moorpark, CA",Thu Feb 04 03:05:41 +0000 2016,"Moorpark, CA"
47,"Romer Rd will be closed between Glendale and Northland for the next couple hours due to a crash, No injuries. Thank… https://t.co/BAv5gbDiFz",,,Sat Jan 12 22:19:39 +0000 2019,"[[[-88.451199, 44.221575], [-88.335679, 44.221575], [-88.335679, 44.33491], [-88.451199, 44.33491]]]",United States,US,"Appleton, WI",Mon Apr 30 21:47:23 +0000 2012,"Appleton, WI"
48,All eastbound lanes are closed due to snow and ice on the road. in #Valyermo on Angeles Crest Hwy EB between CA-39 and Big Pines Hwy,,"[-117.8511, 34.35686]",Sat Jan 12 22:13:01 +0000 2019,"[[[-124.482003, 32.528832], [-114.131212, 32.528832], [-114.131212, 42.009519], [-124.482003, 42.009519]]]",United States,US,"California, USA",Wed Aug 12 21:43:18 +0000 2009,Southern California
49,@alaska511 It would help to know which road is closed.,,,Sat Jan 12 21:37:00 +0000 2019,"[[[-122.582956, 45.401455], [-122.575341, 45.401455], [-122.575341, 45.406516], [-122.582956, 45.406516]]]",United States,US,"Johnson City, OR",Sun Apr 03 01:17:28 +0000 2011,"Anchorage, AK"
50,"Single vehicle crash roll over River Road in the area of number 66. Roadway will be closed temporarily, expect dela… https://t.co/iblogZzF2w",,,Sat Jan 12 21:31:31 +0000 2019,"[[[-73.508143, 41.187054], [-69.858861, 41.187054], [-69.858861, 42.8868241], [-73.508143, 42.8868241]]]",United States,US,"Massachusetts, USA",Fri Nov 30 18:01:16 +0000 2012,"Sturbridge, MA"
51,Cougar fans traveling to Lakeland for the Girls NECC championship game. State Road 9 is closed in Wolcottville due… https://t.co/Be4mIPlhAM,,,Sat Jan 12 21:29:44 +0000 2019,"[[[-88.097892, 37.771743], [-84.78458, 37.771743], [-84.78458, 41.761368], [-88.097892, 41.761368]]]",United States,US,"Indiana, USA",Tue Apr 07 22:13:19 +0000 2009,Indiana
52,"Road construction, right lane closed in #Dallas on 30 EB approaching Jim Miller Rd, stop and go traffic back to Lawnview Ave #DFWTraffic",,"[-96.70003, 32.7939]",Sat Jan 12 19:13:26 +0000 2019,"[[[-96.977527, 32.620678], [-96.54598, 32.620678], [-96.54598, 33.019039], [-96.977527, 33.019039]]]",United States,US,"Dallas, TX",Thu May 21 21:15:33 +0000 2009,Dallas/Fort Worth
53,"I’m waiting for Josie to walk to me at a point where the road is closed off by a snow plow that went off the road,… https://t.co/60pj6BenoV",,,Sat Jan 12 18:28:14 +0000 2019,"[[[-90.529632, 38.437456], [-90.423923, 38.437456], [-90.423923, 38.541479], [-90.529632, 38.541479]]]",United States,US,"Murphy, MO",Thu Mar 19 06:56:23 +0000 2009,"St Louis, MO"
54,Closed due to road construction in #Cambridge on Memorial Dr WB before Mass Ave and Vassar St #traffic https://t.co/AoTr5OKtFq,,"[-71.09265, 42.35725]",Sat Jan 12 17:43:49 +0000 2019,"[[[-71.160356, 42.352429], [-71.064398, 42.352429], [-71.064398, 42.4039663], [-71.160356, 42.4039663]]]",United States,US,"Cambridge, MA",Tue Feb 08 23:36:19 +0000 2011,"Boston, MA"
55,Closed due to road construction in #Seattle on Virginia St Both EB/WB between Boren Ave and Minor Ave #traffic https://t.co/12UyGMOG9h,,"[-122.334, 47.61772]",Sat Jan 12 17:43:45 +0000 2019,"[[[-122.436232, 47.4953154], [-122.2249728, 47.4953154], [-122.2249728, 47.734319], [-122.436232, 47.734319]]]",United States,US,"Seattle, WA",Wed Feb 09 23:51:14 +0000 2011,"Seattle, WA"
56,@FAIRImmigration @NBCNews @JuliaEAinsley You must not get the same news I get.  Remember all the people who died wh… https://t.co/pYLMBCHbtl,,,Sat Jan 12 16:49:29 +0000 2019,"[[[-106.645646, 25.837092], [-93.508131, 25.837092], [-93.508131, 36.500695], [-106.645646, 36.500695]]]",United States,US,"Texas, USA",Fri Jul 03 16:32:08 +0000 2015,
57,TRAFFIC ALERT UPDATE: The OSB sustained heavy damage and will need to be taken down for #safety reasons. That means… https://t.co/c1kU25HGak,,,Sat Jan 12 16:25:51 +0000 2019,"[[[-98.778559, 29.141956], [-98.302744, 29.141956], [-98.302744, 29.693046], [-98.778559, 29.693046]]]",United States,US,"San Antonio, TX",Tue Apr 28 16:49:18 +0000 2009,"San Antonio, Texas"
58,"Our Ottawa retail shop will be closed today (Saturday, January 12th) due to poor road conditions. Sorry for any inc… https://t.co/aVjhbzRQVK",,"[-88.84285, 41.34555]",Sat Jan 12 16:24:21 +0000 2019,"[[[-88.87973, 41.313992], [-88.781619, 41.313992], [-88.781619, 41.389591], [-88.87973, 41.389591]]]",United States,US,"Ottawa, IL",Thu Feb 02 02:03:12 +0000 2017,"Peru, IL"
59,"We are closed today due to bad road conditions. Thank you! 🌨☃️❄️
#tuscola #centralillinois #champaignurbana… https://t.co/dj3QwM7H1Z",,"[-88.2883, 39.80006]",Sat Jan 12 16:23:22 +0000 2019,"[[[-88.29429, 39.7805553], [-88.25781, 39.7805553], [-88.25781, 39.8205446], [-88.29429, 39.8205446]]]",United States,US,"Tuscola, IL",Fri Nov 05 03:24:32 +0000 2010,"Tuscola, IL"
60,Road closed due to broken water main in #Phoenix on 7th Ave Both NB/SB at Deer Vly Rd #PHXtraffic https://t.co/hUIi7YWVvM,,"[-112.0829, 33.68369]",Sat Jan 12 15:06:32 +0000 2019,"[[[-112.3239143, 33.29026], [-111.9254391, 33.29026], [-111.9254391, 33.8154652], [-112.3239143, 33.8154652]]]",United States,US,"Phoenix, AZ",Wed Feb 09 22:48:40 +0000 2011,"Phoenix, AZ"
61,"Our partners at @CaltransDist7 need some extra time to clean-up and address damage to the on-ramp, so they are goin… https://t.co/HjrZNkRj1v",,,Sat Jan 12 14:13:58 +0000 2019,"[[[-118.668404, 33.704538], [-118.155409, 33.704538], [-118.155409, 34.337041], [-118.668404, 34.337041]]]",United States,US,"Los Angeles, CA",Thu Feb 04 03:05:41 +0000 2016,"Moorpark, CA"
62,"Closed due to road construction in #TheWoodlands on I-45 N Fwy Outbound between Rayford and Woodlands Pkwy, stopped traffic back to Louetta",,"[-95.44265, 30.12672]",Sat Jan 12 14:10:37 +0000 2019,"[[[-95.452477, 30.076095], [-95.349469, 30.076095], [-95.349469, 30.173617], [-95.452477, 30.173617]]]",United States,US,"Oak Ridge North, TX",Wed Feb 09 21:09:17 +0000 2011,"Houston, TX"
63,We are closed for lunch today due to the road conditions for some of our staff. We will try to open tonight for din… https://t.co/eG3GzYIyfR,,,Sat Jan 12 14:08:39 +0000 2019,"[[[-90.3623212, 38.618724], [-90.306259, 38.618724], [-90.306259, 38.641146], [-90.3623212, 38.641146]]]",United States,US,"Richmond Heights, MO",Thu Aug 19 08:24:37 +0000 2010,"Saint Louis, Missouri"
64,"❄️ SNOW DAY ❄️ 
The Bargain Boutique will be CLOSED today due to slick road conditions. 
•Everyone stay in and be s… https://t.co/WFa71eit6k",,"[-86.6089, 40.1289]",Sat Jan 12 13:58:25 +0000 2019,"[[[-88.097892, 37.771743], [-84.78458, 37.771743], [-84.78458, 41.761368], [-88.097892, 41.761368]]]",United States,US,"Indiana, USA",Sat Jul 28 02:34:10 +0000 2012,"100 S. Pearl St. Thorntown, Indiana, USA"
65,Incident on I-10 EB @ MP27.9 at Exit 27/Causeway in Mobile. Road closed. Seek alternate route. More details: https://t.co/Hc0lXBWFtr,,"[-88.023616, 30.691136]",Sat Jan 12 13:34:30 +0000 2019,"[[[-88.301598, 30.523874], [-88.021513, 30.523874], [-88.021513, 30.843424], [-88.301598, 30.843424]]]",United States,US,"Mobile, AL",Thu Apr 25 12:37:19 +0000 2013,Alabama
66,Major Crash on AL71 SB @ MP7.1 at AL40 in Dutton. Road closed. Seek alternate route. More details: https://t.co/7F1rTMZvng,,"[-85.87664, 34.633676]",Sat Jan 12 13:29:44 +0000 2019,"[[[-88.473228, 30.144425], [-84.888247, 30.144425], [-84.888247, 35.008029], [-88.473228, 35.008029]]]",United States,US,"Alabama, USA",Thu Apr 25 12:37:19 +0000 2013,Alabama
67,The road leading to the house authorities believe Jayme Closs was kept in is still closed off this morning. Yesterd… https://t.co/hBKJMBsbDi,,,Sat Jan 12 12:47:06 +0000 2019,"[[[-92.889433, 42.491921], [-86.24955, 42.491921], [-86.24955, 47.309715], [-92.889433, 47.309715]]]",United States,US,"Wisconsin, USA",Thu Sep 22 15:05:18 +0000 2011,"Minneapolis, MN"
68,At 3:54 AM we responded to an overturned vehicle on the Borchard Road on-tamp to southbound US 101. This was a solo… https://t.co/ypheCYwR01,,,Sat Jan 12 12:41:58 +0000 2019,"[[[-119.061758, 34.126875], [-118.776015, 34.126875], [-118.776015, 34.2500812], [-119.061758, 34.2500812]]]",United States,US,"Thousand Oaks, CA",Thu Feb 04 03:05:41 +0000 2016,"Moorpark, CA"
69,"Closed due to road construction in #TheWoodlands on I-45 N Fwy Outbound between Rayford and Woodlands Pkwy, stopp... https://t.co/vuUN2yElDh",,"[-95.44265, 30.12672]",Sat Jan 12 11:57:54 +0000 2019,"[[[-95.452477, 30.076095], [-95.349469, 30.076095], [-95.349469, 30.173617], [-95.452477, 30.173617]]]",United States,US,"Oak Ridge North, TX",Wed Feb 09 21:09:17 +0000 2011,"Houston, TX"
70,"Road construction, two lanes closed in #Miami on I-95 SB at NW 79th St #SFLtraffic https://t.co/US2j7IOBPL",,"[-80.20754, 25.84713]",Sat Jan 12 11:32:43 +0000 2019,"[[[-80.321683, 25.7090404], [-80.144974, 25.7090404], [-80.144974, 25.855667], [-80.321683, 25.855667]]]",United States,US,"Miami, FL",Wed Feb 09 21:43:21 +0000 2011,"Miami, FL"
71,Closed due to road construction in #TheWoodlands on I-45 N Fwy Outbound between Rayford and Woodlands Pkwy #traffic https://t.co/vuUN2yElDh,,"[-95.44265, 30.12672]",Sat Jan 12 11:14:08 +0000 2019,"[[[-95.452477, 30.076095], [-95.349469, 30.076095], [-95.349469, 30.173617], [-95.452477, 30.173617]]]",United States,US,"Oak Ridge North, TX",Wed Feb 09 21:09:17 +0000 2011,"Houston, TX"
72,Closed due to road construction in #GoldenGlades on 95 Express SB between Golden Glades Exit and Downtown Miami Exit #SFLtraffic,,"[-80.1969, 25.93733]",Sat Jan 12 10:11:14 +0000 2019,"[[[-80.22942, 25.9282505], [-80.185106, 25.9282505], [-80.185106, 25.960642], [-80.22942, 25.960642]]]",United States,US,"Norland, FL",Wed Feb 09 21:43:21 +0000 2011,"Miami, FL"
73,Traffic Alert: #Hwy1 near Oso Flaco Lake Rd between Guadalupe &amp; Nipomo is CLOSED each way due to flooding. Use caut… https://t.co/rw702U51bd,,"[-120.6419654, 35.2684417]",Sat Jan 12 08:19:16 +0000 2019,"[[[-120.533212, 35.003173], [-120.447468, 35.003173], [-120.447468, 35.0526881], [-120.533212, 35.0526881]]]",United States,US,"Nipomo, CA",Thu Nov 18 17:27:55 +0000 2010,"San Luis Obispo, CA"
74,BIG conference win on the road! Closed game on 18-5 run and got stops when we needed them most! Great effort by all… https://t.co/GuM4cejlXO,,,Sat Jan 12 05:24:32 +0000 2019,"[[[-77.89204, 34.148545], [-77.841997, 34.148545], [-77.841997, 34.197681], [-77.89204, 34.197681]]]",United States,US,"Masonboro, NC",Tue Aug 04 14:25:09 +0000 2009,
75,"1XX Vinal Street, national grid off with some kind of gas issue, road is closed, drivers should seek alternate routes @Revere311",,,Sat Jan 12 03:24:16 +0000 2019,"[[[-71.033007, 42.388503], [-70.959648, 42.388503], [-70.959648, 42.4499], [-71.033007, 42.4499]]]",United States,US,"Revere, MA",Sun Oct 07 18:33:07 +0000 2012,
76,Road closed --- due to an accident in #Wittmann on Grand Ave WB at 203rd Ave and before 211th Ave #PHXtraffic https://t.co/hUIi7YWVvM,,"[-112.5004, 33.75608]",Sat Jan 12 02:46:02 +0000 2019,"[[[-114.818269, 31.3322463], [-109.0451527, 31.3322463], [-109.0451527, 37.004261], [-114.818269, 37.004261]]]",United States,US,"Arizona, USA",Wed Feb 09 22:48:40 +0000 2011,"Phoenix, AZ"
77,Road closed --- due to an accident in #Wittmann on Grand Ave WB west of 203rd Ave #PHXtraffic https://t.co/hUIi7YWVvM,,"[-112.5004, 33.75608]",Sat Jan 12 02:24:18 +0000 2019,"[[[-114.818269, 31.3322463], [-109.0451527, 31.3322463], [-109.0451527, 37.004261], [-114.818269, 37.004261]]]",United States,US,"Arizona, USA",Wed Feb 09 22:48:40 +0000 2011,"Phoenix, AZ"
78,Major Crash on Day St. WB at Hill St. in Montgomery. Road closed. Seek alternate route. More details: https://t.co/62nZgpXee2,,"[-86.329568, 32.368882]",Sat Jan 12 01:29:37 +0000 2019,"[[[-86.418059, 32.2845933], [-86.071398, 32.2845933], [-86.071398, 32.443697], [-86.418059, 32.443697]]]",United States,US,"Montgomery, AL",Thu Apr 25 12:37:19 +0000 2013,Alabama
79,Road closed due to broken water main in #Phoenix on 7th Ave Both NB/SB at Deer Vly Rd #PHXtraffic https://t.co/hUIi7YWVvM,,"[-112.0829, 33.68369]",Sat Jan 12 01:24:52 +0000 2019,"[[[-112.3239143, 33.29026], [-111.9254391, 33.29026], [-111.9254391, 33.8154652], [-112.3239143, 33.8154652]]]",United States,US,"Phoenix, AZ",Wed Feb 09 22:48:40 +0000 2011,"Phoenix, AZ"
80,"Road construction, right lane closed in #PaTurnpike on PATP WB between Pittsburgh and Allegheny Vly #traffic https://t.co/SL0Oqn0Vyr",,"[-79.75074, 40.43871]",Sat Jan 12 00:26:48 +0000 2019,"[[[-79.8196766, 40.385071], [-79.7038286, 40.385071], [-79.7038286, 40.46208], [-79.8196766, 40.46208]]]",United States,US,"Municipality of Monroeville, PA",Wed Feb 09 22:54:23 +0000 2011,"Pittsburgh, PA"
81,"Road construction, right lane closed in #PaTurnpike on PATP EB between PA-18 and Cranberry #traffic https://t.co/SL0Oqn0Vyr",,"[-80.32491, 40.81398]",Sat Jan 12 00:10:09 +0000 2019,"[[[-80.338862, 40.788267], [-80.312045, 40.788267], [-80.312045, 40.836946], [-80.338862, 40.836946]]]",United States,US,"Big Beaver, PA",Wed Feb 09 22:54:23 +0000 2011,"Pittsburgh, PA"
82,"Road construction, left lane closed in #Brevard on I 95 NB at US-192 #traffic https://t.co/YKhnnOgYFK",,"[-80.70588, 28.0788]",Sat Jan 12 00:09:37 +0000 2019,"[[[-80.7061232, 28.057132], [-80.670763, 28.057132], [-80.670763, 28.092459], [-80.7061232, 28.092459]]]",United States,US,"June Park, FL",Wed Feb 09 22:41:41 +0000 2011,"Orlando, FL"
83,The road I live in is closed. (For good reason) https://t.co/Ugq1h7KF6M,,,Fri Jan 11 23:41:30 +0000 2019,"[[[-95.774704, 35.995476], [-89.098843, 35.995476], [-89.098843, 40.613641], [-95.774704, 40.613641]]]",United States,US,"Missouri, USA",Sun Apr 15 20:00:36 +0000 2012,"Columbia, MO"
84,The Bookmobile will not be on the road tomorrow due to expected road conditions. If a travel advisory is issued for… https://t.co/EHz6VBoFNy,,,Fri Jan 11 20:41:37 +0000 2019,"[[[-91.51308, 36.970298], [-87.019935, 36.970298], [-87.019935, 42.508303], [-91.51308, 42.508303]]]",United States,US,"Illinois, USA",Wed Oct 17 03:22:46 +0000 2018,"Illinois, USA"
85,"Road construction, right lane closed in #Albuquerque on Juan Tabo Blvd SB from Candelaria Rd to past Indian School Rd #traffic",,"[-106.5156, 35.11618]",Fri Jan 11 19:21:38 +0000 2019,"[[[-106.7916912, 35.0158912], [-106.473745, 35.0158912], [-106.473745, 35.218114], [-106.7916912, 35.218114]]]",United States,US,"Albuquerque, NM",Tue Feb 08 23:44:59 +0000 2011,Albuquerque
86,Closed due to road construction in #Sw on Goff NB north of Quiet Ln #traffic https://t.co/roJyGryxFq,,"[-106.6793, 35.0591]",Fri Jan 11 19:21:37 +0000 2019,"[[[-106.736956, 34.938902], [-106.626779, 34.938902], [-106.626779, 35.084125], [-106.736956, 35.084125]]]",United States,US,"South Valley, NM",Tue Feb 08 23:44:59 +0000 2011,Albuquerque
87,Road construction-- right and center lane closed in #Albuquerque on Gibson Blvd EB east of Louisiana Blvd #traffic https://t.co/roJyGryxFq,,"[-106.5688, 35.05817]",Fri Jan 11 19:21:37 +0000 2019,"[[[-106.7916912, 35.0158912], [-106.473745, 35.0158912], [-106.473745, 35.218114], [-106.7916912, 35.218114]]]",United States,US,"Albuquerque, NM",Tue Feb 08 23:44:59 +0000 2011,Albuquerque
88,"Road construction, right lane closed in #Albuquerque on Comanche Rd EB from Morris St to Juan Tabo Blvd #traffic https://t.co/roJyGryxFq",,"[-106.5245, 35.12348]",Fri Jan 11 19:21:37 +0000 2019,"[[[-106.7916912, 35.0158912], [-106.473745, 35.0158912], [-106.473745, 35.218114], [-106.7916912, 35.218114]]]",United States,US,"Albuquerque, NM",Tue Feb 08 23:44:59 +0000 2011,Albuquerque
89,"I never thought I would see my Face/Name on #ProWrestling flyer.

When I started this #ProWrestling training road m… https://t.co/MW7Sot9904",,"[-81.27518444, 28.46750066]",Fri Jan 11 18:33:50 +0000 2019,"[[[-81.507905, 28.3882177], [-81.2276403, 28.3882177], [-81.2276403, 28.615139], [-81.507905, 28.615139]]]",United States,US,"Orlando, FL",Tue Jul 18 19:11:30 +0000 2017,"Columbia, SC "
90,"Road construction, right lane closed in #Latham on Hwy 2 WB between Swatling Rd and Grove Ave #traffic https://t.co/Lz3PqqUkWC",,"[-73.73634, 42.73992]",Fri Jan 11 17:50:14 +0000 2019,"[[[-73.832933, 42.676375], [-73.694717, 42.676375], [-73.694717, 42.801868], [-73.832933, 42.801868]]]",United States,US,"Latham, NY",Fri Aug 14 12:10:09 +0000 2009,"Albany, NY"
91,"We're excited to say:
Dupont Road Is Wide Open Again!

No, we weren't closed... the road widening construction has… https://t.co/rV2xCV0xna",,,Fri Jan 11 17:49:20 +0000 2019,"[[[-85.336872, 40.95926], [-85.003231, 40.95926], [-85.003231, 41.214574], [-85.336872, 41.214574]]]",United States,US,"Fort Wayne, IN",Sat Oct 17 00:47:27 +0000 2009,"Fort Wayne, Indiana"
92,@The_Jank @moneyries @TheVic @WSDAH Go down north 12th street all the way to thr River. The road is closed now to t… https://t.co/L3OqSYT8hG,,,Fri Jan 11 16:41:26 +0000 2019,"[[[-74.041878, 40.570842], [-73.855673, 40.570842], [-73.855673, 40.739434], [-74.041878, 40.739434]]]",United States,US,"Brooklyn, NY",Fri Mar 06 22:32:12 +0000 2009,"Greenpoint Brooklyn, NY"
93,Closed due to road construction in #Albuquerque on Cutler Both EB/WB west of Washington St #traffic https://t.co/roJyGryxFq,,"[-106.5956, 35.10558]",Fri Jan 11 16:30:33 +0000 2019,"[[[-106.7916912, 35.0158912], [-106.473745, 35.0158912], [-106.473745, 35.218114], [-106.7916912, 35.218114]]]",United States,US,"Albuquerque, NM",Tue Feb 08 23:44:59 +0000 2011,Albuquerque
94,"Road construction, left lane closed in #Albuquerque on Tijeras Ave EB west of 3rd St #traffic https://t.co/roJyGryxFq",,"[-106.65, 35.08653]",Fri Jan 11 14:34:42 +0000 2019,"[[[-106.7916912, 35.0158912], [-106.473745, 35.0158912], [-106.473745, 35.218114], [-106.7916912, 35.218114]]]",United States,US,"Albuquerque, NM",Tue Feb 08 23:44:59 +0000 2011,Albuquerque
95,"Road construction, shoulder closed in #ElPaso on I 10 Both EB/WB from Executive Ctr Blvd to Sunland Park Dr #traffic https://t.co/nZ2qPHc0XJ",,"[-106.52, 31.79295]",Fri Jan 11 14:27:27 +0000 2019,"[[[-106.634874, 31.6206683], [-106.199987, 31.6206683], [-106.199987, 31.966068], [-106.634874, 31.966068]]]",United States,US,"El Paso, TX",Thu Feb 10 20:42:54 +0000 2011,"El Paso, TX"
96,"Road construction, left lane closed in #BloomfieldHills on Telegraph Rd Both NB/SB at Fairfax Ave #traffic https://t.co/93KUmrD8jO",,"[-83.31035, 42.61461]",Fri Jan 11 14:20:07 +0000 2019,"[[[-83.325363, 42.529187], [-83.206336, 42.529187], [-83.206336, 42.620953], [-83.325363, 42.620953]]]",United States,US,"Bloomfield Township, MI",Wed Feb 09 00:19:01 +0000 2011,"Detroit, MI"
97,"There’s no Wells Fargo Bank on Beatties Ford Road, and the two ATMs they had, they’ve closed them. From Johnson C S… https://t.co/tyVMCXzcMr",,,Fri Jan 11 13:50:43 +0000 2019,"[[[-81.046876, 35.001706], [-80.646695, 35.001706], [-80.646695, 35.416412], [-81.046876, 35.416412]]]",United States,US,"Charlotte, NC",Sun Oct 28 02:31:30 +0000 2018,"Hyattsville, MD"
98,"PLATTESCHOOLS: Due to the current weather conditions, and hazardous road conditions, all schools will be closed tod… https://t.co/p6xYJzp8Pd",,,Fri Jan 11 13:28:39 +0000 2019,"[[[-109.060257, 36.992427], [-102.041524, 36.992427], [-102.041524, 41.003445], [-109.060257, 41.003445]]]",United States,US,"Colorado, USA",Tue Jun 23 15:09:48 +0000 2015,"Colorado, USA"
99,Road closed due to broken water main in #Phoenix on 7th Ave Both NB/SB at Deer Vly Rd #PHXtraffic https://t.co/hUIi7YWVvM,,"[-112.0829, 33.68369]",Fri Jan 11 12:37:24 +0000 2019,"[[[-112.3239143, 33.29026], [-111.9254391, 33.29026], [-111.9254391, 33.8154652], [-112.3239143, 33.8154652]]]",United States,US,"Phoenix, AZ",Wed Feb 09 22:48:40 +0000 2011,"Phoenix, AZ"
100,"Road construction, left lane closed in #EastBatonRouge on I 10 EB between Perkins Rd and Acadian Thruway #traffic https://t.co/1WyWN3ulTM",,"[-91.15829, 30.42489]",Fri Jan 11 10:45:20 +0000 2019,"[[[-91.218994, 30.354161], [-90.962605, 30.354161], [-90.962605, 30.5640391], [-91.218994, 30.5640391]]]",United States,US,"Baton Rouge, LA",Fri Nov 30 03:23:31 +0000 2012,"Baton Rouge, LA"
101,Road construction. off ramp left lanes closed in #FortLauderdale on I-95 SB at Cypress Crk Rd #SFLtraffic https://t.co/US2j7IOBPL,,"[-80.14423, 26.20347]",Fri Jan 11 09:22:26 +0000 2019,"[[[-80.196625, 26.1504888], [-80.1170267, 26.1504888], [-80.1170267, 26.209352], [-80.196625, 26.209352]]]",United States,US,"Oakland Park, FL",Wed Feb 09 21:43:21 +0000 2011,"Miami, FL"
102,Road construction. four right lanes closed in #NorthwestDade on I-75 NB at Miami Gardens Dr #SFLtraffic https://t.co/US2j7IOBPL,,"[-80.35038, 25.93483]",Fri Jan 11 09:21:24 +0000 2019,"[[[-80.3520669, 25.9233988], [-80.293194, 25.9233988], [-80.293194, 25.9571644], [-80.3520669, 25.9571644]]]",United States,US,"Country Club, FL",Wed Feb 09 21:43:21 +0000 2011,"Miami, FL"
103,Road construction. two left lanes closed in #Miami on I-95 SB at NW 62nd St #SFLtraffic https://t.co/US2j7IOBPL,,"[-80.20599, 25.8323]",Fri Jan 11 09:20:22 +0000 2019,"[[[-80.321683, 25.7090404], [-80.144974, 25.7090404], [-80.144974, 25.855667], [-80.321683, 25.855667]]]",United States,US,"Miami, FL",Wed Feb 09 21:43:21 +0000 2011,"Miami, FL"
104,Road construction. two right lanes closed in #Tamarac on SR-91 Florida's Tpke SB before Commercial Blvd #SFLtraffic https://t.co/US2j7IOBPL,,"[-80.21102, 26.19168]",Fri Jan 11 09:17:17 +0000 2019,"[[[-80.298308, 26.178836], [-80.1629613, 26.178836], [-80.1629613, 26.230749], [-80.298308, 26.230749]]]",United States,US,"Tamarac, FL",Wed Feb 09 21:43:21 +0000 2011,"Miami, FL"
105,Off ramp closed due to road construction in #Broward on I-595 WB at Florida's Tpke #SFLtraffic https://t.co/US2j7IOBPL,,"[-80.21637, 26.0906]",Fri Jan 11 09:16:16 +0000 2019,"[[[-80.369507, 26.0295373], [-80.2008709, 26.0295373], [-80.2008709, 26.1268035], [-80.369507, 26.1268035]]]",United States,US,"Davie, FL",Wed Feb 09 21:43:21 +0000 2011,"Miami, FL"
106,Road construction. two right lanes closed in #Davie on I-595 WB before Davie Rd #SFLtraffic https://t.co/US2j7IOBPL,,"[-80.22179, 26.09226]",Fri Jan 11 09:15:13 +0000 2019,"[[[-80.369507, 26.0295373], [-80.2008709, 26.0295373], [-80.2008709, 26.1268035], [-80.369507, 26.1268035]]]",United States,US,"Davie, FL",Wed Feb 09 21:43:21 +0000 2011,"Miami, FL"
107,"Check yo people, just passed by there closed road. There’s a tent in the middle https://t.co/v34JjpO44H",,,Fri Jan 11 06:34:49 +0000 2019,"[[[-118.668404, 33.704538], [-118.155409, 33.704538], [-118.155409, 34.337041], [-118.668404, 34.337041]]]",United States,US,"Los Angeles, CA",Mon Sep 07 03:02:46 +0000 2015,
108,Closed due to road construction in #Marysville on I-5 SB from 116th St #traffic https://t.co/12UyGMOG9h,,"[-122.1847, 48.10011]",Fri Jan 11 06:01:42 +0000 2019,"[[[-122.220382, 48.0199614], [-122.108673, 48.0199614], [-122.108673, 48.157553], [-122.220382, 48.157553]]]",United States,US,"Marysville, WA",Wed Feb 09 23:51:14 +0000 2011,"Seattle, WA"
109,The 2 mile long road where #JaymeCloss was found is blocked off completely. No scene visible but some law enforceme… https://t.co/68L6MdYMeF,,,Fri Jan 11 05:52:46 +0000 2019,"[[[-92.889433, 42.491921], [-86.24955, 42.491921], [-86.24955, 47.309715], [-92.889433, 47.309715]]]",United States,US,"Wisconsin, USA",Wed Aug 26 01:52:00 +0000 2009,"Minneapolis, MN"
110,All week I’ve been wondering what road GMCB is and why is it going to be closed Saturday. Today it dawned on me tha… https://t.co/XIWPPd27cu,,,Fri Jan 11 02:03:02 +0000 2019,"[[[-74.372774, 41.3145902], [-74.3319614, 41.3145902], [-74.3319614, 41.371199], [-74.372774, 41.371199]]]",United States,US,"Florida, NY",Mon Feb 17 23:37:23 +0000 2014,"Orange County, New York "
111,Copper Hill Road in West Suffield is closed between Griffin Road and Stratton Farms due to serious motor vehicle co… https://t.co/U6NYIAx0fW,,,Fri Jan 11 01:26:04 +0000 2019,"[[[-72.676766, 41.943462], [-72.604969, 41.943462], [-72.604969, 42.032005], [-72.676766, 42.032005]]]",United States,US,"Suffield, CT",Fri Mar 29 13:32:42 +0000 2013,"Suffield, CT"
112,Closed due to road construction in #RailroadTracks on Thousand Oaks Dr WB between I 35 and Wurzbach Pkwy #traffic https://t.co/UUKZ2x9VCU,,"[-98.38946, 29.53325]",Fri Jan 11 01:07:14 +0000 2019,"[[[-98.778559, 29.141956], [-98.302744, 29.141956], [-98.302744, 29.693046], [-98.778559, 29.693046]]]",United States,US,"San Antonio, TX",Wed Feb 09 23:42:58 +0000 2011,"San Antonio, TX"
113,Closed due to road construction in #SanAntonio on Thousand Oaks Dr EB between Wurzbach Pkwy and I 35 #traffic https://t.co/UUKZ2x9VCU,,"[-98.39405, 29.53596]",Fri Jan 11 01:07:14 +0000 2019,"[[[-98.778559, 29.141956], [-98.302744, 29.141956], [-98.302744, 29.693046], [-98.778559, 29.693046]]]",United States,US,"San Antonio, TX",Wed Feb 09 23:42:58 +0000 2011,"San Antonio, TX"
114,Crash involving Overturned Vehicle on I-20 EB @ MP135.9 past Exit 136: I459 in Birmingham. Road closed. Seek altern… https://t.co/Rs77oWzGYO,,"[-86.662232, 33.545616]",Fri Jan 11 00:04:42 +0000 2019,"[[[-86.726188, 33.484861], [-86.6179766, 33.484861], [-86.6179766, 33.575092], [-86.726188, 33.575092]]]",United States,US,"Irondale, AL",Thu Apr 25 12:37:19 +0000 2013,Alabama
115,also because we got new huge recycling bins when I was little and my sister convinced me to get inside then her and… https://t.co/TGvEVJQ7dc,,,Fri Jan 11 00:01:48 +0000 2019,"[[[-81.046876, 35.001706], [-80.646695, 35.001706], [-80.646695, 35.416412], [-81.046876, 35.416412]]]",United States,US,"Charlotte, NC",Sat Mar 03 15:54:10 +0000 2012,
116,"From the City of Fair Oaks Ranch: ALERT!
Ralph Fair Rd CLOSED between Fair Oaks Pkwy and Keeneland.
Fair Oaks PD &amp;… https://t.co/vDkkLPXCkO",,,Thu Jan 10 23:16:36 +0000 2019,"[[[-98.669703, 29.712404], [-98.62326, 29.712404], [-98.62326, 29.774218], [-98.669703, 29.774218]]]",United States,US,"Fair Oaks Ranch, TX",Tue Mar 17 10:22:12 +0000 2009,"Fair Oaks Ranch, TX"
117,Road closed. broken glass on roadway. in #CoralSprings on SR-869 Sawgrass Expy NB from Sample Rd to Coral Rdg Dr #SFLtraffic,,"[-80.29725, 26.27842]",Thu Jan 10 21:34:51 +0000 2019,"[[[-80.297884, 26.228692], [-80.2016611, 26.228692], [-80.2016611, 26.31183], [-80.297884, 26.31183]]]",United States,US,"Coral Springs, FL",Wed Feb 09 21:43:21 +0000 2011,"Miami, FL"
118,#Traffic: Bowen Road in #Lancaster is CLOSED between Broadway &amp; William Street due to downed power lines.,,,Thu Jan 10 20:48:58 +0000 2019,"[[[-78.912276, 42.826008], [-78.79485, 42.826008], [-78.79485, 42.966451], [-78.912276, 42.966451]]]",United States,US,"Buffalo, NY",Mon Oct 12 12:39:42 +0000 2009,"Buffalo, NY"
119,"Road construction, right lane closed in #SanAntonio on I-35 NB at Weidner, stopped traffic back to Lp 410, delay of 12 mins #traffic",,"[-98.3792, 29.53987]",Thu Jan 10 20:03:12 +0000 2019,"[[[-98.778559, 29.141956], [-98.302744, 29.141956], [-98.302744, 29.693046], [-98.778559, 29.693046]]]",United States,US,"San Antonio, TX",Wed Feb 09 23:42:58 +0000 2011,"San Antonio, TX"
120,"Road construction, left lane closed in #SanAntonio on I-35 NB at Weidner, stopped traffic back to Lp 410, delay of 12 mins #traffic",,"[-98.3792, 29.53987]",Thu Jan 10 19:53:23 +0000 2019,"[[[-98.778559, 29.141956], [-98.302744, 29.141956], [-98.302744, 29.693046], [-98.778559, 29.693046]]]",United States,US,"San Antonio, TX",Wed Feb 09 23:42:58 +0000 2011,"San Antonio, TX"
121,"Road construction, right lane closed in #Albuquerque on Juan Tabo Blvd SB from Candelaria Rd to past Indian School Rd #traffic",,"[-106.5156, 35.11618]",Thu Jan 10 19:20:12 +0000 2019,"[[[-106.7916912, 35.0158912], [-106.473745, 35.0158912], [-106.473745, 35.218114], [-106.7916912, 35.218114]]]",United States,US,"Albuquerque, NM",Tue Feb 08 23:44:59 +0000 2011,Albuquerque
122,Closed due to road construction in #Sw on Goff NB north of Quiet Ln #traffic https://t.co/roJyGryxFq,,"[-106.6793, 35.0591]",Thu Jan 10 19:20:11 +0000 2019,"[[[-106.736956, 34.938902], [-106.626779, 34.938902], [-106.626779, 35.084125], [-106.736956, 35.084125]]]",United States,US,"South Valley, NM",Tue Feb 08 23:44:59 +0000 2011,Albuquerque
123,Road construction-- right and center lane closed in #Albuquerque on Gibson Blvd EB east of Louisiana Blvd #traffic https://t.co/roJyGryxFq,,"[-106.5688, 35.05817]",Thu Jan 10 19:20:11 +0000 2019,"[[[-106.7916912, 35.0158912], [-106.473745, 35.0158912], [-106.473745, 35.218114], [-106.7916912, 35.218114]]]",United States,US,"Albuquerque, NM",Tue Feb 08 23:44:59 +0000 2011,Albuquerque
124,"Road construction, right lane closed in #Albuquerque on Comanche Rd EB from Morris St to Juan Tabo Blvd #traffic https://t.co/roJyGryxFq",,"[-106.5245, 35.12348]",Thu Jan 10 19:20:11 +0000 2019,"[[[-106.7916912, 35.0158912], [-106.473745, 35.0158912], [-106.473745, 35.218114], [-106.7916912, 35.218114]]]",United States,US,"Albuquerque, NM",Tue Feb 08 23:44:59 +0000 2011,Albuquerque
125,"⚠️ROAD CLOSURE⚠️

Park Road (Southbound lanes only) between Selwyn Avenue and Tyvola Road are CLOSED and will re-op… https://t.co/TNZvF9lB8A",,,Thu Jan 10 18:38:10 +0000 2019,"[[[-81.046876, 35.001706], [-80.646695, 35.001706], [-80.646695, 35.416412], [-81.046876, 35.416412]]]",United States,US,"Charlotte, NC",Fri Feb 27 21:08:31 +0000 2009,"Charlotte, NC"
126,"@Marlboro2019 @mhs_class2020  ""Parts of Poirier Dr. may be closed throughout the week of January 14. This road work… https://t.co/88kepoRnj2",,,Thu Jan 10 18:26:37 +0000 2019,"[[[-71.625705, 42.3109818], [-71.475702, 42.3109818], [-71.475702, 42.380659], [-71.625705, 42.380659]]]",United States,US,"Marlborough, MA",Thu Aug 29 16:00:30 +0000 2013,
127,"Road construction, left lane closed in #SanAntonio on I-35 NB at Weidner, stop and go traffic back to Lp 410, delay of 5 mins #traffic",,"[-98.3792, 29.53987]",Thu Jan 10 17:53:57 +0000 2019,"[[[-98.778559, 29.141956], [-98.302744, 29.141956], [-98.302744, 29.693046], [-98.778559, 29.693046]]]",United States,US,"San Antonio, TX",Wed Feb 09 23:42:58 +0000 2011,"San Antonio, TX"
128,"Road construction, right lane closed in #Chester on I-95 NB between Kerlin St and PA-320, jammed back to US-322, delay of 6 mins #traffic",,"[-75.37387, 39.85189]",Thu Jan 10 17:52:20 +0000 2019,"[[[-75.40809, 39.822204], [-75.343739, 39.822204], [-75.343739, 39.875846], [-75.40809, 39.875846]]]",United States,US,"Chester, PA",Wed Feb 09 22:44:21 +0000 2011,"Philadelphia, PA"
129,"Road construction, right lane closed in #Chester on I-95 NB between US-322 and Kerlin St, jammed back to PA-452, delay of 9 mins #traffic",,"[-75.39202, 39.84554]",Thu Jan 10 17:31:48 +0000 2019,"[[[-75.417933, 39.839119], [-75.384703, 39.839119], [-75.384703, 39.861338], [-75.417933, 39.861338]]]",United States,US,"Chester Township, PA",Wed Feb 09 22:44:21 +0000 2011,"Philadelphia, PA"
130,"Road construction, right lane closed in #ElPaso on TX-375 Lp NB between S Zaragoza Rd and Padres Dr #traffic https://t.co/nZ2qPHc0XJ",,"[-106.3357, 31.67467]",Thu Jan 10 17:17:51 +0000 2019,"[[[-106.634874, 31.6206683], [-106.199987, 31.6206683], [-106.199987, 31.966068], [-106.634874, 31.966068]]]",United States,US,"El Paso, TX",Thu Feb 10 20:42:54 +0000 2011,"El Paso, TX"
131,"Road construction, left lane closed in #Euless on 121 NB at Harwood Rd, stop and go traffic back to Bedford Rd, delay of 4 mins #DFWTraffic",,"[-97.11132, 32.85191]",Thu Jan 10 17:04:59 +0000 2019,"[[[-97.1686653, 32.822102], [-97.099752, 32.822102], [-97.099752, 32.8677644], [-97.1686653, 32.8677644]]]",United States,US,"Bedford, TX",Thu May 21 21:15:33 +0000 2009,Dallas/Fort Worth
132,"Road construction, right lane closed in #ElPaso on Gtwy Blvd N NB between Hercules Ave and Hondo Pass Dr #traffic https://t.co/nZ2qPHc0XJ",,"[-106.4403, 31.85508]",Thu Jan 10 17:04:58 +0000 2019,"[[[-106.634874, 31.6206683], [-106.199987, 31.6206683], [-106.199987, 31.966068], [-106.634874, 31.966068]]]",United States,US,"El Paso, TX",Thu Feb 10 20:42:54 +0000 2011,"El Paso, TX"
133,"Road construction, shoulder closed in #Conshohocken on I-76 WB between Conshohocken Curve and Conshohocken, delay of 2 mins #traffic",,"[-75.27986, 40.06937]",Thu Jan 10 16:46:36 +0000 2019,"[[[-80.519851, 39.719801], [-74.689517, 39.719801], [-74.689517, 42.516072], [-80.519851, 42.516072]]]",United States,US,"Pennsylvania, USA",Wed Feb 09 22:44:21 +0000 2011,"Philadelphia, PA"
134,"The Bill Miller on Fredericksburg Road closed ""due to slow sales and no ability to a drive thru"" https://t.co/qtKKQYCYkD",,,Thu Jan 10 16:45:00 +0000 2019,"[[[-98.778559, 29.141956], [-98.302744, 29.141956], [-98.302744, 29.693046], [-98.778559, 29.693046]]]",United States,US,"San Antonio, TX",Sat Jan 23 03:43:13 +0000 2010,Outside a taco truck in San Antonio
135,"Road construction, right lane closed in #FortWorth on 30 EB at Chapel Crk Blvd, stop and go traffic back to Spur 580, delay of 11 mins",,"[-97.50375, 32.729]",Thu Jan 10 16:31:44 +0000 2019,"[[[-97.538285, 32.569477], [-97.033542, 32.569477], [-97.033542, 32.990456], [-97.538285, 32.990456]]]",United States,US,"Fort Worth, TX",Thu May 21 21:15:33 +0000 2009,Dallas/Fort Worth
136,Closed due to road construction in #Albuquerque on Cutler Both EB/WB west of Washington St #traffic https://t.co/roJyGryxFq,,"[-106.5956, 35.10558]",Thu Jan 10 16:16:27 +0000 2019,"[[[-106.7916912, 35.0158912], [-106.473745, 35.0158912], [-106.473745, 35.218114], [-106.7916912, 35.218114]]]",United States,US,"Albuquerque, NM",Tue Feb 08 23:44:59 +0000 2011,Albuquerque
137,"Road construction, left lane closed in #Euless on 121 NB at Harwood Rd, stop and go traffic back to 183, delay of 9 mins #DFWTraffic",,"[-97.11132, 32.85191]",Thu Jan 10 15:41:58 +0000 2019,"[[[-97.1686653, 32.822102], [-97.099752, 32.822102], [-97.099752, 32.8677644], [-97.1686653, 32.8677644]]]",United States,US,"Bedford, TX",Thu May 21 21:15:33 +0000 2009,Dallas/Fort Worth
138,"Road construction, right lane closed in #FortWorth on E Lp 820 NB at Ramey Ave, stop and go traffic back to Wilbarger St, delay of 9 mins",,"[-97.22535, 32.72047]",Thu Jan 10 15:39:15 +0000 2019,"[[[-97.538285, 32.569477], [-97.033542, 32.569477], [-97.033542, 32.990456], [-97.538285, 32.990456]]]",United States,US,"Fort Worth, TX",Thu May 21 21:15:33 +0000 2009,Dallas/Fort Worth
139,"Road construction, right lane closed in #FortWorth on E Lp 820 NB at Berry St, stop and go traffic back to Wilbarger St, delay of 5 mins",,"[-97.23154, 32.70818]",Thu Jan 10 15:35:51 +0000 2019,"[[[-97.538285, 32.569477], [-97.033542, 32.569477], [-97.033542, 32.990456], [-97.538285, 32.990456]]]",United States,US,"Fort Worth, TX",Thu May 21 21:15:33 +0000 2009,Dallas/Fort Worth
140,"Road construction, right lane closed in #FortWorth on 30 EB at Chapel Crk Blvd, stop and go traffic back to Spur 580, delay of 6 mins",,"[-97.50375, 32.729]",Thu Jan 10 15:06:52 +0000 2019,"[[[-97.538285, 32.569477], [-97.033542, 32.569477], [-97.033542, 32.990456], [-97.538285, 32.990456]]]",United States,US,"Fort Worth, TX",Thu May 21 21:15:33 +0000 2009,Dallas/Fort Worth
141,"Road construction, left lane closed in #Albuquerque on Tijeras Ave EB west of 3rd St #traffic https://t.co/roJyGryxFq",,"[-106.65, 35.08653]",Thu Jan 10 14:33:27 +0000 2019,"[[[-106.7916912, 35.0158912], [-106.473745, 35.0158912], [-106.473745, 35.218114], [-106.7916912, 35.218114]]]",United States,US,"Albuquerque, NM",Tue Feb 08 23:44:59 +0000 2011,Albuquerque
142,"Road construction, shoulder closed in #ElPaso on I 10 Both EB/WB from Executive Ctr Blvd to Sunland Park Dr #traffic https://t.co/nZ2qPHc0XJ",,"[-106.52, 31.79295]",Thu Jan 10 14:26:11 +0000 2019,"[[[-106.634874, 31.6206683], [-106.199987, 31.6206683], [-106.199987, 31.966068], [-106.634874, 31.966068]]]",United States,US,"El Paso, TX",Thu Feb 10 20:42:54 +0000 2011,"El Paso, TX"